{"properties":{"id":{"minimum":0,"maximum":99},"height":{"minimum":0.23884850088506937,"maximum":99.31244112085551}},"geometricError":70,"root":{"box":[-1.319970476767974,0.6986942109000001,-1.3199295232320258,0.6987257891,0,20],"geometricError":0,"content":{"url":"batchedInvalidVersion.b3dm"}}}
