{"properties":{"id":{"minimum":0,"maximum":99},"height":{"minimum":1.571511011570692,"maximum":99.29697997868061}},"geometricError":40,"root":{"box":[-1.319970476767974,0.6986942109000001,-1.3199295232320258,0.6987257891,0,15],"geometricError":0,"content":{"url":"instancedInvalidVersion.i3dm"}}}
